<?xml version="1.0" encoding="UTF-8"?>
<!DOCTYPE hibernate-mapping PUBLIC
        "-//Hibernate/Hibernate Mapping DTD 3.0//EN"
        "http://www.hibernate.org/dtd/hibernate-mapping-3.0.dtd">
<hibernate-mapping package="net.codejava.framework.model">
	<class name="Product" table="PRODUCT">
		<id name="id" column="PRODUCT_ID">
			<generator class="native"/>
		</id>
		<property name="name" />
		<property name="description" />
		<property name="price" />
	</class>	
</hibernate-mapping>